region,average_atk_90_90,average_hp_90_90,average_def_90_90
Fontaine,248.14285714285714,12835.57142857143,647.9999999999999
Inazuma,258.8666666666667,11742.8,713.3333333333334
Liyue,242.77777777777777,12081.055555555558,711.5
Mondstadt,240.52631578947367,11317.684210526313,704.9473684210525
Snezhnaya,301.0,13103.0,815.0
Sumeru,253.53846153846152,11826.923076923078,684.5384615384615
Unknown,214.00000000000003,10877.181818181818,682.3636363636364
